{
  "type": "minecraft:random_selector",
  "config": {
    "features": [
      {
        "chance": 0.25,
        "feature": "wythers:caves/placed_block_column/hanging_lichen_east"
      },
      {
        "chance": 0.25,
        "feature": "wythers:caves/placed_block_column/hanging_lichen_west"
      },
      {
        "chance": 0.25,
        "feature": "wythers:caves/placed_block_column/hanging_lichen_north"
      }
    ],
    "default": "wythers:caves/placed_block_column/hanging_lichen_south"
  }
}
