{
  "type": "minecraft:random_patch",
  "config": {
    "tries": 128,
    "xz_spread": 5,
    "y_spread": 5,
    "feature": {
      "feature": {
        "type": "minecraft:random_selector",
        "config": {
          "features": [
            {
              "chance": 0.2,
              "feature": "wythers:terrain/dripstone_spike_1"
            },
            {
              "chance": 0.2,
              "feature": "wythers:terrain/dripstone_spike_3"
            }
          ],
          "default": "wythers:terrain/dripstone_spike_2"
        }
      },
      "placement": []
    }
  }
}
