{
  "type": "minecraft:random_patch",
  "config": {
    "tries": 128,
    "xz_spread": 3,
    "y_spread": 0,
    "feature": {
      "feature": {
        "type": "minecraft:simple_block",
        "config": {
          "to_place": {
            "type": "minecraft:simple_state_provider",
            "state": {
              "Name": "minecraft:sand"
            }
          }
        }
      },
      "placement": [
        {
          "type": "minecraft:block_predicate_filter",
          "predicate": {
            "type": "minecraft:matching_blocks",
            "offset": [
              0,
              1,
              0
            ],
            "blocks": "minecraft:air"
          }
        },
        {
          "type": "minecraft:block_predicate_filter",
          "predicate": {
            "type": "minecraft:matching_blocks",
            "offset": [
              0,
              0,
              0
            ],
            "blocks": [
              "minecraft:stone",
              "minecraft:dirt",
              "minecraft:coarse_dirt",
              "minecraft:grass_block"
            ]
          }
        }
      ]
    }
  }
}
