{
  "type": "minecraft:block_column",
  "config": {
    "direction": "up",
    "allowed_placement": {
      "type": "minecraft:matching_blocks",
      "offset": [
        0,
        0,
        0
      ],
      "blocks": [
        "minecraft:air"
      ]
    },
    "prioritize_tip": true,
    "layers": [
      {
        "height": 1,
        "provider": {
          "type": "minecraft:simple_state_provider",
          "state": {
            "Name": "minecraft:dark_oak_fence",
            "Properties": {
              "east": "false",
              "north": "false",
              "south": "false",
              "waterlogged": "false",
              "west": "false"
            }
          }
        }
      },
      {
        "height": 1,
        "provider": {
          "type": "minecraft:simple_state_provider",
          "state": {
            "Name": "minecraft:hay_block",
            "Properties": {
              "axis": "y"
            }
          }
        }
      },
      {
        "height": 1,
        "provider": {
          "type": "minecraft:weighted_state_provider",
          "entries": [
            {
              "weight": 1,
              "data": {
                "Name": "minecraft:jack_o_lantern",
                "Properties": {
                  "facing": "north"
                }
              }
            },
            {
              "weight": 1,
              "data": {
                "Name": "minecraft:jack_o_lantern",
                "Properties": {
                  "facing": "south"
                }
              }
            },
            {
              "weight": 1,
              "data": {
                "Name": "minecraft:jack_o_lantern",
                "Properties": {
                  "facing": "west"
                }
              }
            },
            {
              "weight": 1,
              "data": {
                "Name": "minecraft:jack_o_lantern",
                "Properties": {
                  "facing": "east"
                }
              }
            }
          ]
        }
      }
    ]
  }
}
