{
  "type": "minecraft:random_patch",
  "config": {
    "tries": 128,
    "xz_spread": 3,
    "y_spread": 3,
    "feature": {
      "feature": {
        "type": "minecraft:simple_block",
        "config": {
          "to_place": {
            "type": "minecraft:simple_state_provider",
            "state": {
              "Name": "minecraft:dripstone_block"
            }
          }
        }
      },
      "placement": [
        {
          "type": "minecraft:block_predicate_filter",
          "predicate": {
            "type": "minecraft:matching_blocks",
            "offset": [
              0,
              0,
              0
            ],
            "blocks": [
              "minecraft:air"
            ]
          }
        },
        {
          "type": "minecraft:block_predicate_filter",
          "predicate": {
            "type": "minecraft:matching_blocks",
            "offset": [
              0,
              -1,
              0
            ],
            "blocks": [
              "minecraft:dripstone_block"
            ]
          }
        },
        {
          "type": "minecraft:block_predicate_filter",
          "predicate": {
            "type": "minecraft:not",
            "predicate": {
              "type": "minecraft:any_of",
              "predicates": [
                {
                  "type": "minecraft:matching_blocks",
                  "offset": [
                    1,
                    -4,
                    0
                  ],
                  "blocks": "minecraft:grass_block"
                },
                {
                  "type": "minecraft:matching_blocks",
                  "offset": [
                    -1,
                    -4,
                    0
                  ],
                  "blocks": "minecraft:grass_block"
                },
                {
                  "type": "minecraft:matching_blocks",
                  "offset": [
                    0,
                    -4,
                    1
                  ],
                  "blocks": "minecraft:grass_block"
                },
                {
                  "type": "minecraft:matching_blocks",
                  "offset": [
                    0,
                    -4,
                    -1
                  ],
                  "blocks": "minecraft:grass_block"
                },
                {
                  "type": "minecraft:matching_blocks",
                  "offset": [
                    1,
                    -6,
                    0
                  ],
                  "blocks": "minecraft:air"
                },
                {
                  "type": "minecraft:matching_blocks",
                  "offset": [
                    -1,
                    -6,
                    0
                  ],
                  "blocks": "minecraft:air"
                },
                {
                  "type": "minecraft:matching_blocks",
                  "offset": [
                    0,
                    -6,
                    1
                  ],
                  "blocks": "minecraft:air"
                },
                {
                  "type": "minecraft:matching_blocks",
                  "offset": [
                    0,
                    -6,
                    -1
                  ],
                  "blocks": "minecraft:air"
                }
              ]
            }
          }
        }
      ]
    }
  }
}
