{
  "type": "minecraft:random_patch",
  "config": {
    "tries": 256,
    "xz_spread": 5,
    "y_spread": 10,
    "feature": {
      "feature": {
        "type": "minecraft:simple_block",
        "config": {
          "to_place": {
            "type": "minecraft:simple_state_provider",
            "state": {
              "Name": "minecraft:tuff"
            }
          }
        }
      },
      "placement": [
        {
          "type": "minecraft:block_predicate_filter",
          "predicate": {
            "type": "minecraft:any_of",
            "predicates": [
              {
                "type": "minecraft:all_of",
                "predicates": [
                  {
                    "type": "minecraft:matching_blocks",
                    "blocks": [
                      "minecraft:dirt",
                      "minecraft:stone"
                    ]
                  },
                  {
                    "type": "minecraft:any_of",
                    "predicates": [
                      {
                        "type": "minecraft:matching_blocks",
                        "offset": [
                          0,
                          1,
                          0
                        ],
                        "blocks": [
                          "minecraft:tuff"
                        ]
                      }
                    ]
                  }
                ]
              },
              {
                "type": "minecraft:all_of",
                "predicates": [
                  {
                    "type": "minecraft:matching_blocks",
                    "blocks": [
                      "minecraft:dirt",
                      "minecraft:stone"
                    ]
                  },
                  {
                    "type": "minecraft:any_of",
                    "predicates": [
                      {
                        "type": "minecraft:matching_blocks",
                        "offset": [
                          1,
                          0,
                          0
                        ],
                        "blocks": [
                          "minecraft:air"
                        ]
                      },
                      {
                        "type": "minecraft:matching_blocks",
                        "offset": [
                          -1,
                          0,
                          0
                        ],
                        "blocks": [
                          "minecraft:air"
                        ]
                      },
                      {
                        "type": "minecraft:matching_blocks",
                        "offset": [
                          0,
                          0,
                          1
                        ],
                        "blocks": [
                          "minecraft:air"
                        ]
                      },
                      {
                        "type": "minecraft:matching_blocks",
                        "offset": [
                          0,
                          0,
                          -1
                        ],
                        "blocks": [
                          "minecraft:air"
                        ]
                      }
                    ]
                  }
                ]
              },
              {
                "type": "minecraft:all_of",
                "predicates": [
                  {
                    "type": "minecraft:matching_blocks",
                    "blocks": [
                      "minecraft:grass_block",
                      "minecraft:dirt"
                    ]
                  },
                  {
                    "type": "minecraft:any_of",
                    "predicates": [
                      {
                        "type": "minecraft:all_of",
                        "predicates": [
                          {
                            "type": "minecraft:matching_blocks",
                            "offset": [
                              1,
                              -1,
                              0
                            ],
                            "blocks": [
                              "minecraft:air",
                              "minecraft:water"
                            ]
                          },
                          {
                            "type": "minecraft:not",
                            "predicate": {
                              "type": "minecraft:matching_blocks",
                              "offset": [
                                -1,
                                0,
                                0
                              ],
                              "blocks": [
                                "minecraft:grass_block"
                              ]
                            }
                          }
                        ]
                      },
                      {
                        "type": "minecraft:all_of",
                        "predicates": [
                          {
                            "type": "minecraft:matching_blocks",
                            "offset": [
                              -1,
                              -1,
                              0
                            ],
                            "blocks": [
                              "minecraft:air",
                              "minecraft:water"
                            ]
                          },
                          {
                            "type": "minecraft:not",
                            "predicate": {
                              "type": "minecraft:matching_blocks",
                              "offset": [
                                1,
                                0,
                                0
                              ],
                              "blocks": [
                                "minecraft:grass_block"
                              ]
                            }
                          }
                        ]
                      },
                      {
                        "type": "minecraft:all_of",
                        "predicates": [
                          {
                            "type": "minecraft:matching_blocks",
                            "offset": [
                              0,
                              -1,
                              1
                            ],
                            "blocks": [
                              "minecraft:air",
                              "minecraft:water"
                            ]
                          },
                          {
                            "type": "minecraft:not",
                            "predicate": {
                              "type": "minecraft:matching_blocks",
                              "offset": [
                                0,
                                0,
                                -1
                              ],
                              "blocks": [
                                "minecraft:grass_block"
                              ]
                            }
                          }
                        ]
                      },
                      {
                        "type": "minecraft:all_of",
                        "predicates": [
                          {
                            "type": "minecraft:matching_blocks",
                            "offset": [
                              0,
                              -1,
                              -1
                            ],
                            "blocks": [
                              "minecraft:air",
                              "minecraft:water"
                            ]
                          },
                          {
                            "type": "minecraft:not",
                            "predicate": {
                              "type": "minecraft:matching_blocks",
                              "offset": [
                                0,
                                0,
                                1
                              ],
                              "blocks": [
                                "minecraft:grass_block"
                              ]
                            }
                          }
                        ]
                      }
                    ]
                  }
                ]
              }
            ]
          }
        }
      ]
    }
  }
}
