{
  "config": {
    "decorators": [
      {
        "block_provider": {
            "state": {
              "Properties": {
                "waterlogged": "false",
                "hanging": "true"
              },
              "Name": "minecraft:soul_lantern"
            },
            "type": "minecraft:simple_state_provider"
          },
        "required_empty_blocks": 2,
        "directions": [
          "down"
        ],
        "probability": 0.01,
        "exclusion_radius_xz": 1,
        "exclusion_radius_y": 0,
        "type": "minecraft:attached_to_leaves"
      }
    ],
    "ignore_vines": true,
    "force_dirt": false,
    "dirt_provider": {
      "state": {
        "Name": "minecraft:dirt"
      },
      "type": "minecraft:simple_state_provider"
    },
    "minimum_size": {
      "middle_size": 1,
      "upper_size": 2,
      "limit": 1,
      "upper_limit": 1,
      "lower_size": 0,
      "type": "minecraft:three_layers_feature_size"
    },
    "foliage_provider": {
      "state": {
        "Properties": {
          "waterlogged": "false",
          "persistent": "false",
          "distance": "7"
        },
        "Name": "minecraft:mangrove_leaves"
      },
      "type": "minecraft:simple_state_provider"
    },
    "foliage_placer": {
      "radius": 0,
      "offset": 0,
      "type": "minecraft:dark_oak_foliage_placer"
    },
    "trunk_provider": {
      "state": {
        "Properties": {
          "axis": "y"
        },
        "Name": "minecraft:mangrove_log"
      },
      "type": "minecraft:simple_state_provider"
    },
    "trunk_placer": {
      "base_height": 7,
      "height_rand_a": 3,
      "height_rand_b": 2,
      "type": "minecraft:dark_oak_trunk_placer"
    }
  },
  "type": "minecraft:tree"
}