{
  "type": "minecraft:tree",
  "config": {
    "ignore_vines": false,
    "force_dirt": false,
    "minimum_size": {
      "type": "minecraft:two_layers_feature_size",
      "limit": 1,
      "lower_size": 1,
      "upper_size": 2
    },
    "dirt_provider": {
      "type": "minecraft:simple_state_provider",
      "state": {
        "Name": "minecraft:dirt"
      }
    },
    "trunk_provider": {
      "type": "minecraft:simple_state_provider",
      "state": {
        "Name": "minecraft:spruce_log",
        "Properties": {
          "axis": "y"
        }
      }
    },
    "foliage_provider": {
      "type": "minecraft:simple_state_provider",
      "state": {
        "Name": "minecraft:spruce_leaves",
        "Properties": {
          "waterlogged": "false",
          "persistent": "false",
          "distance": "7"
        }
      }
    },
    "root_placer": {
      "type": "minecraft:mangrove_root_placer",
      "root_provider": {
        "type": "minecraft:simple_state_provider",
        "state": {
          "Name": "minecraft:spruce_wood",
          "Properties": {
            "axis": "y"
          }
        }
      },
      "trunk_offset_y": {
        "type": "minecraft:uniform",
        "value": {
          "min_inclusive": 35,
          "max_inclusive": 40
        }
      },
      "mangrove_root_placement": {
        "max_root_width": 1,
        "max_root_length": 50,
        "random_skew_chance": 0.2,
        "can_grow_through": "#minecraft:mangrove_roots_can_grow_through",
        "muddy_roots_in": [
          "minecraft:mud",
          "minecraft:muddy_mangrove_roots"
        ],
        "muddy_roots_provider": {
          "type": "minecraft:simple_state_provider",
          "state": {
            "Name": "minecraft:muddy_mangrove_roots",
            "Properties": {
              "axis": "y"
            }
          }
        }
      }
    },
    "trunk_placer": {
      "type": "minecraft:straight_trunk_placer",
      "base_height": 10,
      "height_rand_a": 0,
      "height_rand_b": 3
    },
    "foliage_placer": {
      "type": "minecraft:mega_pine_foliage_placer",
      "radius": 0,
      "offset": 1,
      "crown_height": 24
    },
    "decorators": [
      {
        "type": "minecraft:alter_ground",
        "provider": {
          "type": "minecraft:simple_state_provider",
          "state": {
            "Name": "minecraft:podzol",
            "Properties": {
              "snowy": "false"
            }
          }
        }
      }
    ]
  }
}
