{
  "type": "minecraft:disk",
  "config": {
    "state_provider": {
      "fallback": {
        "type": "minecraft:simple_state_provider",
        "state": {
          "Name": "minecraft:clay"
        }
      },
      "rules": []
    },
    "target": {
      "type": "minecraft:matching_block_tag",
      "tag": "wythers:mud_replaceable"
    },
    "radius": {
      "type": "minecraft:uniform",
      "value": {
        "min_inclusive": 5,
        "max_inclusive": 7
      }
    },
    "half_height": 2
  }
}
