{
  "type": "minecraft:block_column",
  "config": {
    "direction": "up",
    "allowed_placement": {
      "type": "minecraft:matching_blocks",
      "blocks": [
        "minecraft:air"
      ]
    },
    "prioritize_tip": true,
    "layers": [
      {
        "height": {
          "type": "minecraft:uniform",
          "value": {
            "min_inclusive": 3,
            "max_inclusive": 13
          }
        },
        "provider": {
          "type": "minecraft:simple_state_provider",
          "state": {
            "Name": "minecraft:bamboo",
            "Properties": {
              "age": "1",
              "leaves": "none",
              "stage": "1"
            }
          }
        }
      },
      {
        "height": 1,
        "provider": {
          "type": "minecraft:simple_state_provider",
          "state": {
            "Name": "minecraft:bamboo",
            "Properties": {
              "age": "1",
              "leaves": "small",
              "stage": "1"
            }
          }
        }
      },
      {
        "height": 2,
        "provider": {
          "type": "minecraft:simple_state_provider",
          "state": {
            "Name": "minecraft:bamboo",
            "Properties": {
              "age": "1",
              "leaves": "large",
              "stage": "1"
            }
          }
        }
      },
      {
        "height": {
          "type": "minecraft:uniform",
          "value": {
            "min_inclusive": 3,
            "max_inclusive": 4
          }
        },
        "provider": {
          "type": "minecraft:simple_state_provider",
          "state": {
            "Name": "minecraft:azalea_leaves",
            "Properties": {
              "distance": "1",
              "persistent": "false",
              "waterlogged": "false"
            }
          }
        }
      }
    ]
  }
}
