{
  "feature": "minecraft:mangrove_vegetation",
  "placement": [
    {
      "count": {
        "distribution": [
          {
            "data": 20,
            "weight": 9
          },
          {
            "data": 21,
            "weight": 1
          }
        ],
        "type": "minecraft:weighted_list"
      },
      "type": "minecraft:count"
    },
    {
      "type": "minecraft:in_square"
    },
    {
      "max_water_depth": 1,
      "type": "minecraft:surface_water_depth_filter"
    },
    {
      "heightmap": "OCEAN_FLOOR",
      "type": "minecraft:heightmap"
    },
    {
      "type": "minecraft:biome"
    },
    {
      "predicate": {
        "state": {
          "Properties": {
            "waterlogged": "false",
            "stage": "0",
            "hanging": "false",
            "age": "0"
          },
          "Name": "minecraft:mangrove_propagule"
        },
        "type": "minecraft:would_survive"
      },
      "type": "minecraft:block_predicate_filter"
    }
  ]
}